Gene_set,Term,Overlap,P-value,Adjusted P-value,Old P-value,Old Adjusted P-value,Z-score,Combined Score,Genes
Allele_LoF_Phenotypes_from_FlyBase_2017,rhabdomere R4,2/8,0.0001436370644371,0.0043400495557006,0.0022221857953273,0.0937470853793332,-3.3871104492987474,29.96990121663721,mbl;ninaE
Allele_LoF_Phenotypes_from_FlyBase_2017,rhabdomere R5,2/8,0.0001436370644371,0.0043400495557006,0.0022221857953273,0.0937470853793332,-3.383841976037544,29.940981043458997,mbl;ninaE
Allele_LoF_Phenotypes_from_FlyBase_2017,neuroblast NB6-4,2/6,7.71745137216e-05,0.0043400495557006,0.0013947516406675,0.0937470853793332,-3.076239003842616,29.13026463652453,SoxN;nkd
Allele_LoF_Phenotypes_from_FlyBase_2017,rhabdomere R2,2/9,0.0001844055780353,0.0043400495557006,0.0027042428474807,0.0937470853793332,-3.3112544991792707,28.471401274090525,mbl;ninaE
Allele_LoF_Phenotypes_from_FlyBase_2017,rhabdomere R3,2/9,0.0001844055780353,0.0043400495557006,0.0027042428474807,0.0937470853793332,-3.3062770207535896,28.428603057998764,mbl;ninaE
Allele_LoF_Phenotypes_from_FlyBase_2017,ganglionic branch primordium,2/16,0.0006084107329161,0.0084366288297708,0.0072978123747312,0.1517944973944095,-3.447652597139265,25.528696509084,pyd;Fas2
Allele_LoF_Phenotypes_from_FlyBase_2017,neuroblast NB7-3,2/10,0.0002301692083095,0.0047875195328392,0.0032310413446844,0.0960080856706227,-2.852253889539292,23.89246326609777,SoxN;nkd
Allele_LoF_Phenotypes_from_FlyBase_2017,embryonic/larval proventriculus,2/13,0.0003972092432537,0.0075108656906165,0.0050738454576535,0.1319199818989935,-3.044329765344409,23.84029055674676,fkh;Mmp2
Allele_LoF_Phenotypes_from_FlyBase_2017,embryonic/larval esophagus,1/5,0.0114483611573847,0.0620500105433928,0.0434529625194811,0.2575957713514395,-5.072114453686795,22.67188847110643,fkh
Allele_LoF_Phenotypes_from_FlyBase_2017,abdominal ventral denticle belt,1/5,0.0114483611573847,0.0620500105433928,0.0434529625194811,0.2575957713514395,-4.541039030997156,20.29802982440076,nkd
Allele_LoF_Phenotypes_from_FlyBase_2017,neuroblast NB3-3,1/5,0.0114483611573847,0.0620500105433928,0.0434529625194811,0.2575957713514395,-4.09487292330016,18.303708062607456,SoxN
Allele_LoF_Phenotypes_from_FlyBase_2017,heart primordium,1/6,0.013722598485558,0.0620500105433928,0.0505200201628077,0.2575957713514395,-4.093721657694802,17.556790253098935,Mmp2
Allele_LoF_Phenotypes_from_FlyBase_2017,thorax & macrochaeta,1/5,0.0114483611573847,0.0620500105433928,0.0434529625194811,0.2575957713514395,-3.878623643836813,17.337093529217654,Fas2
Allele_LoF_Phenotypes_from_FlyBase_2017,RP3 motor neuron,2/14,0.0004627321425064,0.0080206904701121,0.0057735976250853,0.1334342562241955,-2.2502719336755463,17.278402948937984,Fas3;Fas2
Allele_LoF_Phenotypes_from_FlyBase_2017,dorsocentral bristle,2/24,0.0013830498874116,0.017979648536352,0.0149743049763323,0.2575957713514395,-2.6090632560373974,17.176674424429535,pyd;Fas2
Allele_LoF_Phenotypes_from_FlyBase_2017,stomatogastric nervous system,1/6,0.013722598485558,0.0620500105433928,0.0505200201628077,0.2575957713514395,-3.6901381724469697,15.825937207242172,fkh
Allele_LoF_Phenotypes_from_FlyBase_2017,presumptive embryonic/larval tracheal system,2/35,0.0029340071410284,0.0305136742666959,0.0292623450307256,0.2575957713514395,-2.7132335588003342,15.821912638222011,pyd;Fas2
Allele_LoF_Phenotypes_from_FlyBase_2017,embryonic head,4/79,3.24338168066e-05,0.0033731169478898,0.0025923557640529,0.0937470853793332,-1.4604387624297277,15.09554625230308,fkh;SoxN;nkd;pyd
Allele_LoF_Phenotypes_from_FlyBase_2017,embryonic stomatogastric nervous system,1/6,0.013722598485558,0.0620500105433928,0.0505200201628077,0.2575957713514395,-3.40557976095627,14.605548337884976,fkh
Allele_LoF_Phenotypes_from_FlyBase_2017,rhabdomere R6,1/7,0.0159917172451447,0.0634677993330276,0.0575379156659544,0.2575957713514395,-3.523552990271934,14.572303003926168,ninaE
Allele_LoF_Phenotypes_from_FlyBase_2017,rhabdomere R1,1/7,0.0159917172451447,0.0634677993330276,0.0575379156659544,0.2575957713514395,-3.517145778579055,14.54580479871776,ninaE
Allele_LoF_Phenotypes_from_FlyBase_2017,embryonic/larval spiracle,1/7,0.0159917172451447,0.0634677993330276,0.0575379156659544,0.2575957713514395,-3.498572937660525,14.468993390955264,nkd
Allele_LoF_Phenotypes_from_FlyBase_2017,embryonic heart cardioblast,1/6,0.013722598485558,0.0620500105433928,0.0505200201628077,0.2575957713514395,-3.344663671480645,14.344296817779236,Mmp2
Allele_LoF_Phenotypes_from_FlyBase_2017,segmental nerve branch SNa of A1-7,1/9,0.0205146440903754,0.0646522116787589,0.0714275013461394,0.2575957713514395,-3.4738234980299465,13.501419037676932,Mmp2
Allele_LoF_Phenotypes_from_FlyBase_2017,anterior dorsocentral bristle,1/8,0.0182557286992226,0.0634677993330276,0.0645069697911918,0.2575957713514395,-3.343126839925241,13.383460602902709,Bx
Allele_LoF_Phenotypes_from_FlyBase_2017,vMP2 neuron,1/11,0.025017231520203,0.0650448019525279,0.085124262273354,0.2575957713514395,-3.6185559662158666,13.34592348768346,Fas2
Allele_LoF_Phenotypes_from_FlyBase_2017,embryonic stage,6/364,0.0001766981467519,0.0043400495557006,0.0421247340231047,0.2575957713514395,-1.4459509313646015,12.494559840791316,fkh;SoxN;Mmp2;nkd;Fas3;Fas2
Allele_LoF_Phenotypes_from_FlyBase_2017,optomotor response defective,1/10,0.0227684746329305,0.0650448019525279,0.0782998271957656,0.2575957713514395,-3.2979297403822927,12.474018186245132,ninaE
Allele_LoF_Phenotypes_from_FlyBase_2017,embryonic primordium of adult salivary gland,1/10,0.0227684746329305,0.0650448019525279,0.0782998271957656,0.2575957713514395,-3.2805558804247408,12.408303673767175,fkh
Allele_LoF_Phenotypes_from_FlyBase_2017,neuroblast MP2,1/5,0.0114483611573847,0.0620500105433928,0.0434529625194811,0.2575957713514395,-2.746418227675481,12.276238701122432,SoxN
Allele_LoF_Phenotypes_from_FlyBase_2017,MP1 neuron,1/11,0.025017231520203,0.0650448019525279,0.085124262273354,0.2575957713514395,-3.2984408079877383,12.165277824372632,Fas2
Allele_LoF_Phenotypes_from_FlyBase_2017,neuroblast NB7-1,1/5,0.0114483611573847,0.0620500105433928,0.0434529625194811,0.2575957713514395,-2.6660699892631987,11.917089412050492,SoxN
Allele_LoF_Phenotypes_from_FlyBase_2017,embryonic central brain,1/5,0.0114483611573847,0.0620500105433928,0.0434529625194811,0.2575957713514395,-2.658861458297022,11.884867936845632,fkh
Allele_LoF_Phenotypes_from_FlyBase_2017,U neuron,1/10,0.0227684746329305,0.0650448019525279,0.0782998271957656,0.2575957713514395,-3.1267902240823693,11.826703777884518,SoxN
Allele_LoF_Phenotypes_from_FlyBase_2017,germarium cap cell,1/8,0.0182557286992226,0.0634677993330276,0.0645069697911918,0.2575957713514395,-2.818102731476128,11.281644008004992,pyd
Allele_LoF_Phenotypes_from_FlyBase_2017,ganglion mother cell,1/11,0.025017231520203,0.0650448019525279,0.085124262273354,0.2575957713514395,-3.028782357165012,11.170726106480902,SoxN
Allele_LoF_Phenotypes_from_FlyBase_2017,dMP2 neuron,1/12,0.0272609259183876,0.0655289140038619,0.0919011195897282,0.2575957713514395,-3.0912385678578143,11.135571435228286,Fas2
Allele_LoF_Phenotypes_from_FlyBase_2017,neuroanatomy defective,8/493,1.47484670281e-05,0.0030676811418515,0.0175726501555528,0.2575957713514395,-0.9962987338667846,11.08319715171928,fkh;SoxN;Mmp2;ninaE;Fas3;Cbp53E;Fas2;Nlg3
Allele_LoF_Phenotypes_from_FlyBase_2017,neuroblast NB5-2,1/6,0.013722598485558,0.0620500105433928,0.0505200201628077,0.2575957713514395,-2.5428605291528683,10.905594636436671,SoxN
Allele_LoF_Phenotypes_from_FlyBase_2017,endocytosis defective,1/12,0.0272609259183876,0.0655289140038619,0.0919011195897282,0.2575957713514395,-2.944172382670202,10.605794785864711,Nlg3
Allele_LoF_Phenotypes_from_FlyBase_2017,embryonic/larval transverse connective,1/8,0.0182557286992226,0.0634677993330276,0.0645069697911918,0.2575957713514395,-2.5654215675185013,10.27009148103054,Mmp2
Allele_LoF_Phenotypes_from_FlyBase_2017,cell shape defective,2/41,0.004008234568511,0.0378960359204682,0.0386629952250194,0.2575957713514395,-1.8580447412735848,10.255300305210396,Mmp2;pyd
Allele_LoF_Phenotypes_from_FlyBase_2017,dorsal air sac primordium,1/10,0.0227684746329305,0.0650448019525279,0.0782998271957656,0.2575957713514395,-2.678839792832013,10.132385746322823,Mmp2
Allele_LoF_Phenotypes_from_FlyBase_2017,rhabdomere of eye photoreceptor cell,1/14,0.0317331718056008,0.068046389026443,0.1053133434462552,0.2575957713514395,-2.8932941798121474,9.98300116334286,ninaE
Allele_LoF_Phenotypes_from_FlyBase_2017,third instar larval stage,5/295,0.0005639077698269,0.0084366288297708,0.059176809108382,0.2575957713514395,-1.3252816003777086,9.91392784465593,Mmp2;ninaE;Cbp53E;Fas2;Nlg3
Allele_LoF_Phenotypes_from_FlyBase_2017,external sensory organ precursor cell,1/11,0.025017231520203,0.0650448019525279,0.085124262273354,0.2575957713514395,-2.663367949147876,9.823008183578692,Fas2
Allele_LoF_Phenotypes_from_FlyBase_2017,eye photoreceptor cell,4/124,0.0001877906057755,0.0043400495557006,0.0122366186651287,0.231383334758799,-1.1342515003452005,9.73208545792746,scrt;Fas2;Arr2;Arr1
Allele_LoF_Phenotypes_from_FlyBase_2017,abdominal 2 ventral denticle belt,1/12,0.0272609259183876,0.0655289140038619,0.0919011195897282,0.2575957713514395,-2.673918552400732,9.632259173343146,nkd
Allele_LoF_Phenotypes_from_FlyBase_2017,neuroblast NB4-2,1/7,0.0159917172451447,0.0634677993330276,0.0575379156659544,0.2575957713514395,-2.307211832478706,9.541899897616888,SoxN
Allele_LoF_Phenotypes_from_FlyBase_2017,GO0061176:type Ib terminal bouton,1/9,0.0205146440903754,0.0646522116787589,0.0714275013461394,0.2575957713514395,-2.4099322429537398,9.366481942153811,Cbp53E
Allele_LoF_Phenotypes_from_FlyBase_2017,dendritic arborizing neuron,1/12,0.0272609259183876,0.0655289140038619,0.0919011195897282,0.2575957713514395,-2.586570458606164,9.317605057580582,Mmp2
Allele_LoF_Phenotypes_from_FlyBase_2017,follicle stem cell,1/14,0.0317331718056008,0.068046389026443,0.1053133434462552,0.2575957713514395,-2.6646681354296957,9.194151525111922,Mmp2
Allele_LoF_Phenotypes_from_FlyBase_2017,GO0016028:rhabdomere,3/72,0.0006076904225904,0.0084366288297708,0.0161651613277409,0.2575957713514395,-1.228789643825117,9.100225614020797,ninaE;Arr2;Arr1
Allele_LoF_Phenotypes_from_FlyBase_2017,uncoordinated,2/52,0.0063784627303877,0.0576834890400282,0.058440168343129,0.2575957713514395,-1.7837425897532726,9.016512276459286,scrt;Fas2
Allele_LoF_Phenotypes_from_FlyBase_2017,germarium region 2b,1/5,0.0114483611573847,0.0620500105433928,0.0434529625194811,0.2575957713514395,-2.0093862281228145,8.981772961819448,Mmp2
Allele_LoF_Phenotypes_from_FlyBase_2017,EL neuron,1/13,0.0294995689758118,0.067427586230427,0.0986307102466639,0.2575957713514395,-2.536718509792616,8.937822316158615,SoxN
Allele_LoF_Phenotypes_from_FlyBase_2017,postvertical bristle,1/11,0.025017231520203,0.0650448019525279,0.085124262273354,0.2575957713514395,-2.423201574413944,8.93722885850022,Fas2
Allele_LoF_Phenotypes_from_FlyBase_2017,GO0030175:filopodium,1/11,0.025017231520203,0.0650448019525279,0.085124262273354,0.2575957713514395,-2.3887591802913017,8.810198750085421,Mmp2
Allele_LoF_Phenotypes_from_FlyBase_2017,abdominal 3 ventral denticle belt,1/13,0.0294995689758118,0.067427586230427,0.0986307102466639,0.2575957713514395,-2.4874625685316314,8.76427493622413,nkd
Allele_LoF_Phenotypes_from_FlyBase_2017,embryonic/larval neuron,1/11,0.025017231520203,0.0650448019525279,0.085124262273354,0.2575957713514395,-2.3665473509666315,8.72827729372101,SoxN
Allele_LoF_Phenotypes_from_FlyBase_2017,Keilin's organ,1/11,0.025017231520203,0.0650448019525279,0.085124262273354,0.2575957713514395,-2.345526497177376,8.650748381929558,nkd
Allele_LoF_Phenotypes_from_FlyBase_2017,dorsal branch primordium,1/12,0.0272609259183876,0.0655289140038619,0.0919011195897282,0.2575957713514395,-2.401201685864064,8.649850963091298,pyd
Allele_LoF_Phenotypes_from_FlyBase_2017,crossvein,1/17,0.038403849812552,0.0697843278782876,0.1250825620504586,0.2575957713514395,-2.572512144803398,8.385354333111561,Bx
Allele_LoF_Phenotypes_from_FlyBase_2017,male genitalia,1/16,0.0361853011647449,0.0697843278782876,0.1185389648458919,0.2575957713514395,-2.494107709475064,8.278198604493076,Fas2
Allele_LoF_Phenotypes_from_FlyBase_2017,embryonic leading edge cell,1/17,0.038403849812552,0.0697843278782876,0.1250825620504586,0.2575957713514395,-2.490820847812412,8.119073580041213,pyd
Allele_LoF_Phenotypes_from_FlyBase_2017,abdominal 1 ventral denticle belt,1/14,0.0317331718056008,0.068046389026443,0.1053133434462552,0.2575957713514395,-2.3376802566319776,8.065914929879641,nkd
Allele_LoF_Phenotypes_from_FlyBase_2017,embryonic gnathal segment,1/8,0.0182557286992226,0.0634677993330276,0.0645069697911918,0.2575957713514395,-1.9561379701868096,7.830960867288741,nkd
Allele_LoF_Phenotypes_from_FlyBase_2017,abdominal 6 ventral denticle belt,1/15,0.0339617455140866,0.0697843278782876,0.1119493265005438,0.2575957713514395,-2.3132798892396425,7.82471669325663,nkd
Allele_LoF_Phenotypes_from_FlyBase_2017,wing sensillum,1/17,0.038403849812552,0.0697843278782876,0.1250825620504586,0.2575957713514395,-2.357429678343788,7.684272048331425,pyd
Allele_LoF_Phenotypes_from_FlyBase_2017,terminal tracheal cell,1/17,0.038403849812552,0.0697843278782876,0.1250825620504586,0.2575957713514395,-2.3313059776613185,7.599119297096739,pyd
Allele_LoF_Phenotypes_from_FlyBase_2017,behavior defective,3/101,0.00162084045923,0.0198314597364617,0.0381799750916539,0.2575957713514395,-1.1607272547068288,7.457452609888421,scrt;ninaE;Fas3
Allele_LoF_Phenotypes_from_FlyBase_2017,embryonic/larval dorsal branch,1/18,0.0406174024769944,0.0715967772475834,0.1315804198242853,0.2631608396485707,-2.2962966676145147,7.356321102499471,pyd
Allele_LoF_Phenotypes_from_FlyBase_2017,abdominal 7 ventral denticle belt,1/16,0.0361853011647449,0.0697843278782876,0.1185389648458919,0.2575957713514395,-2.186057717747605,7.255749172199282,nkd
Allele_LoF_Phenotypes_from_FlyBase_2017,anterior embryonic/larval midgut,1/8,0.0182557286992226,0.0634677993330276,0.0645069697911918,0.2575957713514395,-1.8120663510858324,7.25420236228465,fkh
Allele_LoF_Phenotypes_from_FlyBase_2017,hemocyte,1/19,0.0428259701600038,0.0742316816106733,0.138032838033989,0.2662041322725996,-2.286098700122944,7.202606753751974,fkh
Allele_LoF_Phenotypes_from_FlyBase_2017,embryonic stage 14,1/16,0.0361853011647449,0.0697843278782876,0.1185389648458919,0.2575957713514395,-2.1429607354127787,7.112705879535266,Fas2
Allele_LoF_Phenotypes_from_FlyBase_2017,recessive,9/1313,0.0026654584479729,0.0291797556409665,0.731280429982916,0.7348131856833165,-1.197768502017889,7.099628118036105,fkh;mbl;nkd;scrt;ninaE;Fas3;pyd;Fas2;Hr38
Allele_LoF_Phenotypes_from_FlyBase_2017,external sensory organ,1/19,0.0428259701600038,0.0742316816106733,0.138032838033989,0.2662041322725996,-2.2386200565683003,7.053020036998553,fkh
Allele_LoF_Phenotypes_from_FlyBase_2017,abdominal 4 ventral denticle belt,1/17,0.038403849812552,0.0697843278782876,0.1250825620504586,0.2575957713514395,-2.1587303958858266,7.036592350293554,nkd
Allele_LoF_Phenotypes_from_FlyBase_2017,embryonic/larval foregut,1/6,0.013722598485558,0.0620500105433928,0.0505200201628077,0.2575957713514395,-1.6367889992114095,7.01971544492262,fkh
Allele_LoF_Phenotypes_from_FlyBase_2017,macrochaeta & adult thorax,1/5,0.0114483611573847,0.0620500105433928,0.0434529625194811,0.2575957713514395,-1.5608093081690375,6.976675089370596,pyd
Allele_LoF_Phenotypes_from_FlyBase_2017,salivary gland common duct primordium,1/8,0.0182557286992226,0.0634677993330276,0.0645069697911918,0.2575957713514395,-1.7396366732528787,6.964246346203625,fkh
Allele_LoF_Phenotypes_from_FlyBase_2017,abdominal 5 ventral denticle belt,1/17,0.038403849812552,0.0697843278782876,0.1250825620504586,0.2575957713514395,-2.1275267642801,6.934881068571348,nkd
Allele_LoF_Phenotypes_from_FlyBase_2017,embryonic brain,1/8,0.0182557286992226,0.0634677993330276,0.0645069697911918,0.2575957713514395,-1.7277942498516994,6.916837852711909,fkh
Allele_LoF_Phenotypes_from_FlyBase_2017,temperature conditional,1/13,0.0294995689758118,0.067427586230427,0.0986307102466639,0.2575957713514395,-1.948387229922908,6.864907870896212,ninaE
Allele_LoF_Phenotypes_from_FlyBase_2017,lobe system of adult mushroom body,1/6,0.013722598485558,0.0620500105433928,0.0505200201628077,0.2575957713514395,-1.5988021569037565,6.856800845802424,Fas2
Allele_LoF_Phenotypes_from_FlyBase_2017,ocellar bristle,1/15,0.0339617455140866,0.0697843278782876,0.1119493265005438,0.2575957713514395,-1.978769406811472,6.693228122374975,Fas2
Allele_LoF_Phenotypes_from_FlyBase_2017,dorsal trunk primordium,1/23,0.0516106102971977,0.0838672417329463,0.1633940484973215,0.2880166278596853,-2.222043380367239,6.586198800440718,Fas2
Allele_LoF_Phenotypes_from_FlyBase_2017,pCC neuron,1/18,0.0406174024769944,0.0715967772475834,0.1315804198242853,0.2631608396485707,-2.005696866466942,6.4253675895177125,SoxN
Allele_LoF_Phenotypes_from_FlyBase_2017,retina,2/61,0.0086882462050956,0.0620500105433928,0.076739519654459,0.2575957713514395,-1.3457305505052457,6.386546753992498,ninaE;Arr2
Allele_LoF_Phenotypes_from_FlyBase_2017,longitudinal visceral muscle primordium,1/9,0.0205146440903754,0.0646522116787589,0.0714275013461394,0.2575957713514395,-1.6045822835289991,6.23639566104714,fkh
Allele_LoF_Phenotypes_from_FlyBase_2017,motor neuron,1/24,0.0537944172710228,0.0867382852121918,0.1696237029758232,0.2964851278905146,-2.12832634004504,6.220215882432751,Fas2
Allele_LoF_Phenotypes_from_FlyBase_2017,neurophysiology defective,4/231,0.0019346064313594,0.0223554520957086,0.0864732579705751,0.2575957713514395,-0.9873530658961605,6.168835203294607,ninaE;Fas2;Arr2;Nlg3
Allele_LoF_Phenotypes_from_FlyBase_2017,midgut constriction,1/17,0.038403849812552,0.0697843278782876,0.1250825620504586,0.2575957713514395,-1.8704741635495687,6.096993036156213,SoxN
Allele_LoF_Phenotypes_from_FlyBase_2017,anterior commissure,1/14,0.0317331718056008,0.068046389026443,0.1053133434462552,0.2575957713514395,-1.7668222148239705,6.096230500540702,SoxN
Allele_LoF_Phenotypes_from_FlyBase_2017,supernumerary,3/188,0.0092242311463526,0.0620500105433928,0.1611476630740998,0.2880166278596853,-1.2964248536932046,6.074945013507254,Mmp2;pyd;Fas2
Allele_LoF_Phenotypes_from_FlyBase_2017,anterior midgut primordium,1/9,0.0205146440903754,0.0646522116787589,0.0714275013461394,0.2575957713514395,-1.533961626215996,5.961920263077216,fkh
Allele_LoF_Phenotypes_from_FlyBase_2017,embryonic neuroblast,1/20,0.0450295638444688,0.0767717154069633,0.1444401147079841,0.273123125993279,-1.9160367226021813,5.940549290715135,SoxN
Allele_LoF_Phenotypes_from_FlyBase_2017,embryonic/larval dorsal vessel,1/21,0.0472281944764868,0.0792214875089457,0.1508025460503601,0.2775834475971231,-1.8905056368625368,5.771267973718664,nkd
Allele_LoF_Phenotypes_from_FlyBase_2017,embryonic visceral muscle,1/10,0.0227684746329305,0.0650448019525279,0.0782998271957656,0.2575957713514395,-1.496511946932357,5.660374450488873,fkh
Allele_LoF_Phenotypes_from_FlyBase_2017,Bolwig organ,1/20,0.0450295638444688,0.0767717154069633,0.1444401147079841,0.273123125993279,-1.7789669434862678,5.515573208837302,Fas2
Allele_LoF_Phenotypes_from_FlyBase_2017,male limited,1/17,0.038403849812552,0.0697843278782876,0.1250825620504586,0.2575957713514395,-1.6894652424926009,5.5069767971336,Bx
Allele_LoF_Phenotypes_from_FlyBase_2017,thermotaxis behavior defective,1/15,0.0339617455140866,0.0697843278782876,0.1119493265005438,0.2575957713514395,-1.61994872866246,5.479509815628662,ninaE
Allele_LoF_Phenotypes_from_FlyBase_2017,embryonic/larval hindgut,1/23,0.0516106102971977,0.0838672417329463,0.1633940484973215,0.2880166278596853,-1.8379864197066635,5.447843214788047,fkh
Allele_LoF_Phenotypes_from_FlyBase_2017,ocellus,1/21,0.0472281944764868,0.0792214875089457,0.1508025460503601,0.2775834475971231,-1.7355085697983894,5.29809847254109,Fas2
Allele_LoF_Phenotypes_from_FlyBase_2017,wing blade dorsal compartment,1/8,0.0182557286992226,0.0634677993330276,0.0645069697911918,0.2575957713514395,-1.317513410000156,5.274370270954899,Bx
Allele_LoF_Phenotypes_from_FlyBase_2017,auditory perception defective,1/23,0.0516106102971977,0.0838672417329463,0.1633940484973215,0.2880166278596853,-1.7702943690584918,5.24720208117315,Arr2
Allele_LoF_Phenotypes_from_FlyBase_2017,aCC neuron,1/26,0.0581472836466284,0.0930356538346055,0.1819522634900826,0.3153839233828098,-1.829564499689563,5.204701387699376,SoxN
Allele_LoF_Phenotypes_from_FlyBase_2017,posterior commissure,1/18,0.0406174024769944,0.0715967772475834,0.1315804198242853,0.2631608396485707,-1.5666032845133682,5.018705537330559,SoxN
Allele_LoF_Phenotypes_from_FlyBase_2017,embryonic/first instar larval cuticle,3/175,0.0075865718029047,0.0620500105433928,0.1382213763723113,0.2662041322725996,-1.017651013651241,4.967536687406183,SoxN;nkd;pyd
Allele_LoF_Phenotypes_from_FlyBase_2017,eye,4/273,0.0035328367390269,0.0349919067484575,0.1377340538457181,0.2662041322725996,-0.8750799609700689,4.94039878870234,scrt;pyd;Fas2;Arr2
Allele_LoF_Phenotypes_from_FlyBase_2017,embryonic hindgut,1/17,0.038403849812552,0.0697843278782876,0.1250825620504586,0.2575957713514395,-1.509458876801332,4.920228485143687,fkh
Allele_LoF_Phenotypes_from_FlyBase_2017,dominant,3/212,0.0127548352042192,0.0620500105433928,0.2064716062736116,0.3303545700377785,-1.121437204470498,4.8915350921866665,ninaE;Fas2;Arr1
Allele_LoF_Phenotypes_from_FlyBase_2017,adult abdomen,1/22,0.0494218729922594,0.0822379966591196,0.1571204264520898,0.2866758658073218,-1.6115594140291698,4.846542832027473,Bx
Allele_LoF_Phenotypes_from_FlyBase_2017,photoreceptor cell R2,1/27,0.0603163647025615,0.0936254019263642,0.188051742227883,0.3154416321241909,-1.7221043124828754,4.835930366158338,ninaE
Allele_LoF_Phenotypes_from_FlyBase_2017,photoreceptor cell R5,1/27,0.0603163647025615,0.0936254019263642,0.188051742227883,0.3154416321241909,-1.7197360119881395,4.829279818804347,ninaE
Allele_LoF_Phenotypes_from_FlyBase_2017,photoreceptor cell,2/71,0.0116276706261789,0.0620500105433928,0.0989412442465131,0.2575957713514395,-1.074120396887222,4.784527118678042,ninaE;Arr2
Allele_LoF_Phenotypes_from_FlyBase_2017,intersegmental nerve branch ISNb of A1-7,1/14,0.0317331718056008,0.068046389026443,0.1053133434462552,0.2575957713514395,-1.320522515014233,4.556321267152808,Mmp2
Allele_LoF_Phenotypes_from_FlyBase_2017,gastric caecum,1/14,0.0317331718056008,0.068046389026443,0.1053133434462552,0.2575957713514395,-1.3187238162687267,4.550115050102989,Mmp2
Allele_LoF_Phenotypes_from_FlyBase_2017,size defective,2/91,0.0186131526890129,0.0634677993330276,0.1479229131312804,0.2771888822640209,-1.133963332153839,4.5175815669199855,Bx;ninaE
Allele_LoF_Phenotypes_from_FlyBase_2017,adult stage,4/412,0.0146550890023417,0.0634677993330276,0.3681333495259663,0.4557841470321488,-1.0618461935896195,4.484142105335978,Bx;ninaE;Arr2;Nlg3
Allele_LoF_Phenotypes_from_FlyBase_2017,calyx of adult mushroom body,1/9,0.0205146440903754,0.0646522116787589,0.0714275013461394,0.2575957713514395,-1.1472197323311943,4.458802913642303,Fas2
Allele_LoF_Phenotypes_from_FlyBase_2017,interfollicle cell,1/27,0.0603163647025615,0.0936254019263642,0.188051742227883,0.3154416321241909,-1.575999925160893,4.425647064410692,Mmp2
Allele_LoF_Phenotypes_from_FlyBase_2017,macrophage,1/12,0.0272609259183876,0.0655289140038619,0.0919011195897282,0.2575957713514395,-1.1861043053996276,4.272704591532807,fkh
Allele_LoF_Phenotypes_from_FlyBase_2017,viable,6/817,0.0106125509090206,0.0620500105433928,0.6036064324686237,0.6356195389654647,-0.8908424252730923,4.049518385613848,Rbp6;Fas3;pyd;Cbp53E;Fas2;Nlg3
Allele_LoF_Phenotypes_from_FlyBase_2017,phototaxis defective,1/27,0.0603163647025615,0.0936254019263642,0.188051742227883,0.3154416321241909,-1.4311549111511683,4.018900274126916,ninaE
Allele_LoF_Phenotypes_from_FlyBase_2017,lethal,6/818,0.0106726300501312,0.0620500105433928,0.6050609072844328,0.6356195389654647,-0.8816398287728545,4.002708965338743,fkh;Mmp2;mbl;pyd;Fas2;Hr38
Allele_LoF_Phenotypes_from_FlyBase_2017,ectopic,3/244,0.0185178957646155,0.0634677993330276,0.2713398018858438,0.3832784704562269,-1.0011992298919026,3.993801425076688,fkh;nkd;Fas2
Allele_LoF_Phenotypes_from_FlyBase_2017,photoreceptor,1/28,0.0624805587273995,0.0955585015830816,0.194108398823424,0.3229963756421775,-1.4080193012885192,3.9042964825745754,Fas2
Allele_LoF_Phenotypes_from_FlyBase_2017,bouton,1/34,0.0753636965450235,0.1059165464957087,0.22956474305841,0.3510990187952153,-1.487240013837304,3.845154351251801,Fas2
Allele_LoF_Phenotypes_from_FlyBase_2017,photoreceptor cell R6,1/32,0.0710886795071682,0.102805456004094,0.2179124172895417,0.3433771423956414,-1.4429108961825188,3.814807037216225,ninaE
Allele_LoF_Phenotypes_from_FlyBase_2017,photoreceptor cell R1,1/32,0.0710886795071682,0.102805456004094,0.2179124172895417,0.3433771423956414,-1.4424466068398387,3.813579536435375,ninaE
Allele_LoF_Phenotypes_from_FlyBase_2017,visual behavior defective,1/30,0.0667943287251897,0.0999512257182695,0.2060943717470385,0.3303545700377785,-1.4073887947347168,3.808587033480078,ninaE
Allele_LoF_Phenotypes_from_FlyBase_2017,abdominal 8 ventral denticle belt,1/13,0.0294995689758118,0.067427586230427,0.0986307102466639,0.2575957713514395,-1.0442008417424231,3.679115972012216,nkd
Allele_LoF_Phenotypes_from_FlyBase_2017,photoreceptor cell R3,1/35,0.0774939815253855,0.1067466765382794,0.2353294434852943,0.352147656438426,-1.418848054544044,3.628781940928452,ninaE
Allele_LoF_Phenotypes_from_FlyBase_2017,commissure,1/33,0.0732285994142135,0.1036159774024246,0.2237591582325571,0.3447548512027547,-1.370314262339385,3.5822333826950885,SoxN
Allele_LoF_Phenotypes_from_FlyBase_2017,head,1/37,0.0817401574465299,0.1104022905771313,0.2467372696412523,0.3614179724322569,-1.3930450783932613,3.48847724116004,Mmp2
Allele_LoF_Phenotypes_from_FlyBase_2017,locomotor rhythm defective,1/33,0.0732285994142135,0.1036159774024246,0.2237591582325571,0.3447548512027547,-1.3213501273673185,3.454232847582594,Bx
Allele_LoF_Phenotypes_from_FlyBase_2017,embryonic/larval glial cell,1/17,0.038403849812552,0.0697843278782876,0.1250825620504586,0.2575957713514395,-1.022036184077461,3.331426660924747,SoxN
Allele_LoF_Phenotypes_from_FlyBase_2017,ovariole,1/37,0.0817401574465299,0.1104022905771313,0.2467372696412523,0.3614179724322569,-1.327382591036269,3.32404459192587,Bx
Allele_LoF_Phenotypes_from_FlyBase_2017,cold sensitive,1/29,0.0646398764852927,0.0981393745178166,0.2001225152507975,0.3303545700377785,-1.1962407834170423,3.27641232301978,Fas2
Allele_LoF_Phenotypes_from_FlyBase_2017,photoreceptor cell R4,1/39,0.0859672117262941,0.1146229489683922,0.2579847771080503,0.3726446780449615,-1.3194786681786188,3.2377226565856523,ninaE
Allele_LoF_Phenotypes_from_FlyBase_2017,cell migration defective,1/36,0.0796194649626399,0.1089529520541388,0.2410535295533994,0.3581366724793363,-1.2739683387318446,3.2237726532664195,Mmp2
Allele_LoF_Phenotypes_from_FlyBase_2017,smell perception defective,1/35,0.0774939815253855,0.1067466765382794,0.2353294434852943,0.352147656438426,-1.255185615523006,3.2102062511455887,Arr1
Allele_LoF_Phenotypes_from_FlyBase_2017,photoreceptor cell R8,1/39,0.0859672117262941,0.1146229489683922,0.2579847771080503,0.3726446780449615,-1.304376811497014,3.2006658820323843,Fas2
Allele_LoF_Phenotypes_from_FlyBase_2017,filzkorper,1/45,0.0985344850405631,0.1249705663929093,0.2907863981430985,0.3973723670825193,-1.3547079158608917,3.139330614343644,nkd
Allele_LoF_Phenotypes_from_FlyBase_2017,denticle,1/35,0.0774939815253855,0.1067466765382794,0.2353294434852943,0.352147656438426,-1.2210078231021677,3.1227946671353504,SoxN
Allele_LoF_Phenotypes_from_FlyBase_2017,mitotic domain 1,1/42,0.0922721241984655,0.1200613940377551,0.2745600581633548,0.3832784704562269,-1.2717388660617055,3.0305704998261223,SoxN
Allele_LoF_Phenotypes_from_FlyBase_2017,embryonic/larval cuticle,1/41,0.0901752285886269,0.119467818767098,0.2690740799557991,0.3832784704562269,-1.2462277826647352,2.998424689704136,pyd
Allele_LoF_Phenotypes_from_FlyBase_2017,RP2 motor neuron,1/47,0.1026858912376802,0.1263826353694526,0.3014135125975346,0.3993249084094727,-1.2919452855237632,2.9405715359041813,SoxN
Allele_LoF_Phenotypes_from_FlyBase_2017,courtship behavior defective,1/46,0.1006125313253903,0.1253138114711448,0.2961188312393773,0.3973723670825193,-1.2607812502283144,2.895356987975148,mbl
Allele_LoF_Phenotypes_from_FlyBase_2017,Malpighian tubule,1/46,0.1006125313253903,0.1253138114711448,0.2961188312393773,0.3973723670825193,-1.2592689526502951,2.891884029157254,fkh
Allele_LoF_Phenotypes_from_FlyBase_2017,denticle belt,2/112,0.0274087284535383,0.0655289140038619,0.2038010392626606,0.3303545700377785,-0.7977719108341081,2.869500807677765,SoxN;nkd
Allele_LoF_Phenotypes_from_FlyBase_2017,GO0045202:synapse,1/47,0.1026858912376802,0.1263826353694526,0.3014135125975346,0.3993249084094727,-1.260164986971379,2.8682370164993656,Fas2
Allele_LoF_Phenotypes_from_FlyBase_2017,wing,3/271,0.0243388752808979,0.0650448019525279,0.3283582050148001,0.4295503562457763,-0.7531447864422096,2.7984453222217587,Bx;scrt;Fas2
Allele_LoF_Phenotypes_from_FlyBase_2017,cephalopharyngeal skeleton,1/52,0.1129827559397606,0.1358405389333538,0.3273293627402792,0.4295503562457763,-1.234225541352739,2.691253569031875,nkd
Allele_LoF_Phenotypes_from_FlyBase_2017,cone cell,1/43,0.0943642918678132,0.1211590907932417,0.2800072662063722,0.3882767424728361,-1.1021368409881125,2.601696006551935,Fas2
Allele_LoF_Phenotypes_from_FlyBase_2017,extended germ band stage,1/42,0.0922721241984655,0.1200613940377551,0.2745600581633548,0.3832784704562269,-1.0707423509407064,2.5515931519214305,SoxN
Allele_LoF_Phenotypes_from_FlyBase_2017,border follicle cell,1/46,0.1006125313253903,0.1253138114711448,0.2961188312393773,0.3973723670825193,-1.0899596281147832,2.503068811739899,Fas2
Allele_LoF_Phenotypes_from_FlyBase_2017,dorsal closure stage,1/45,0.0985344850405631,0.1249705663929093,0.2907863981430985,0.3973723670825193,-1.071552976673444,2.483161886910707,pyd
Allele_LoF_Phenotypes_from_FlyBase_2017,increased cell death,2/135,0.0385826812788609,0.0697843278782876,0.2676729767639612,0.3832784704562269,-0.7314102168597989,2.380704983420999,fkh;Arr1
Allele_LoF_Phenotypes_from_FlyBase_2017,presumptive embryonic/larval peripheral nervous system,1/30,0.0667943287251897,0.0999512257182695,0.2060943717470385,0.3303545700377785,-0.8474719344667317,2.293375244227852,nkd
Allele_LoF_Phenotypes_from_FlyBase_2017,pigment cell,1/54,0.1170690571358214,0.1391449364814334,0.337440095455121,0.4359474525134482,-1.018708956817232,2.185121835722724,scrt
Allele_LoF_Phenotypes_from_FlyBase_2017,presumptive embryonic/larval central nervous system,1/56,0.121136940995836,0.1415532793659208,0.3474076692583101,0.4433177619983343,-1.0327860975976324,2.180039626948379,nkd
Allele_LoF_Phenotypes_from_FlyBase_2017,some die during pharate adult stage,1/60,0.1292177810340821,0.147677464038951,0.3669209245218338,0.4557841470321488,-1.0242245541156167,2.0958257139749623,Hr38
Allele_LoF_Phenotypes_from_FlyBase_2017,larval stage,3/319,0.0368632566582046,0.0697843278782876,0.4306011601272182,0.5122503321617967,-0.6232082077109864,2.0569236045098167,Mmp2;ninaE;Fas2
Allele_LoF_Phenotypes_from_FlyBase_2017,embryonic/larval tracheal system,1/60,0.1292177810340821,0.147677464038951,0.3669209245218338,0.4557841470321488,-0.940754032917946,1.92502365305774,pyd
Allele_LoF_Phenotypes_from_FlyBase_2017,GO0031594:neuromuscular junction,1/59,0.1272044117381445,0.147677464038951,0.3620947611662276,0.4557841470321488,-0.9170807573908446,1.8909837882550624,Fas2
Allele_LoF_Phenotypes_from_FlyBase_2017,photoreceptor cell R7,1/54,0.1170690571358214,0.1391449364814334,0.337440095455121,0.4359474525134482,-0.8758337545695302,1.8786557718626744,Fas2
Allele_LoF_Phenotypes_from_FlyBase_2017,interommatidial bristle,1/60,0.1292177810340821,0.147677464038951,0.3669209245218338,0.4557841470321488,-0.8928886041136355,1.8270787286801629,nkd
Allele_LoF_Phenotypes_from_FlyBase_2017,embryonic/larval salivary gland,1/65,0.1392166720290535,0.1582353430712739,0.3905406065594146,0.4806653619192796,-0.8595267672587992,1.6947493561762546,fkh
Allele_LoF_Phenotypes_from_FlyBase_2017,decreased cell death,1/33,0.0732285994142135,0.1036159774024246,0.2237591582325571,0.3447548512027547,-0.6220112654571712,1.6260427120777063,fkh
Allele_LoF_Phenotypes_from_FlyBase_2017,P-stage,1/55,0.1191052961505181,0.1399655457588009,0.3424416577891251,0.4396781779020865,-0.7636640750910582,1.6248842010006008,Mmp2
Allele_LoF_Phenotypes_from_FlyBase_2017,locomotor behavior defective,2/190,0.0707888466626744,0.102805456004094,0.4198680851900466,0.504812495488611,-0.5809485942617116,1.5383831464108653,ninaE;Nlg3
Allele_LoF_Phenotypes_from_FlyBase_2017,longitudinal connective,1/69,0.1471348363036761,0.1645378814578744,0.4088365387912838,0.4947667262423926,-0.7796461792492745,1.4941185057488344,SoxN
Allele_LoF_Phenotypes_from_FlyBase_2017,embryonic epidermis,1/78,0.1646910861467569,0.1793494550708138,0.4481299318127788,0.5207319878047934,-0.8161184404555996,1.4720195813826833,nkd
Allele_LoF_Phenotypes_from_FlyBase_2017,embryonic/larval somatic muscle,1/77,0.1627579870966591,0.1781771648216057,0.4438886157380664,0.518701303783808,-0.7934079185209048,1.440424874497406,nkd
Allele_LoF_Phenotypes_from_FlyBase_2017,embryonic/larval brain,1/76,0.1608205118635116,0.17698765326778,0.4396166349288314,0.5166116387864234,-0.7503218860798021,1.3711880127597085,nkd
Allele_LoF_Phenotypes_from_FlyBase_2017,ommatidium,2/186,0.0682199330816922,0.1013553291499427,0.4091340236235169,0.4947667262423926,-0.5021961812489036,1.3484060287007882,Fas2;Arr2
Allele_LoF_Phenotypes_from_FlyBase_2017,partially lethal - majority die,2/222,0.0924138008801407,0.1200613940377551,0.5024820135773718,0.5640622755593157,-0.5234194309189825,1.2465123574417518,Bx;Mmp2
Allele_LoF_Phenotypes_from_FlyBase_2017,chemical sensitive,1/74,0.1569323941445472,0.1745558180859135,0.4309798467707424,0.5122503321617967,-0.6499878835859518,1.2037386761223718,Bx
Allele_LoF_Phenotypes_from_FlyBase_2017,lethal - all die before end of P-stage,1/87,0.1818936380733177,0.1960304493225393,0.4849555029202869,0.5572969315327055,-0.6869122870050198,1.1707273948866812,Hr38
Allele_LoF_Phenotypes_from_FlyBase_2017,cell non-autonomous,1/69,0.1471348363036761,0.1645378814578744,0.4088365387912838,0.4947667262423926,-0.5962673020938448,1.1426901511775391,Fas2
Allele_LoF_Phenotypes_from_FlyBase_2017,lethal - all die before end of embryonic stage,3/393,0.0614792614294164,0.0947236027949527,0.5789100828713803,0.6262420132203312,-0.3856399058750465,1.0755710517432138,fkh;mbl;nkd
Allele_LoF_Phenotypes_from_FlyBase_2017,NMJ bouton,1/92,0.1913003501788159,0.2019820956202726,0.504401842567465,0.5640622755593157,-0.6225591145224783,1.0296571012135394,Fas2
Allele_LoF_Phenotypes_from_FlyBase_2017,dorsal appendage,1/89,0.1856690981827618,0.1990678990825488,0.4928186626540341,0.5632213287474676,-0.6107316810758926,1.0283434280363786,Fas3
Allele_LoF_Phenotypes_from_FlyBase_2017,some die during embryonic stage,3/418,0.0711730080028343,0.102805456004094,0.6242879390885389,0.6460293101015726,-0.387899472053962,1.025079294472158,fkh;mbl;nkd
Allele_LoF_Phenotypes_from_FlyBase_2017,ovary,1/92,0.1913003501788159,0.2019820956202726,0.504401842567465,0.5640622755593157,-0.5912980429782738,0.9779540844940364,Bx
Allele_LoF_Phenotypes_from_FlyBase_2017,dorsal,1/76,0.1608205118635116,0.17698765326778,0.4396166349288314,0.5166116387864234,-0.5302162957024629,0.9689524487091256,pyd
Allele_LoF_Phenotypes_from_FlyBase_2017,fertile,2/249,0.1119580276048296,0.1353911031500265,0.5668533293474568,0.6205552237066894,-0.3944610534944298,0.8637242423232565,Rbp6;Nlg3
Allele_LoF_Phenotypes_from_FlyBase_2017,embryonic/larval neuromuscular junction,1/90,0.1875504311764056,0.2000537932548327,0.4967077392129316,0.5640622755593157,-0.5014473191012299,0.8392761405708588,Nlg3
Allele_LoF_Phenotypes_from_FlyBase_2017,some die during larval stage,2/241,0.1060569804470353,0.12900498206423,0.5483371087043442,0.6034609450291196,-0.3646247784342197,0.8181373397515437,Bx;Fas2
Allele_LoF_Phenotypes_from_FlyBase_2017,female fertile,1/115,0.2332259455323389,0.2413482421429179,0.585285551113759,0.6262420132203312,-0.5226575911969181,0.7608575193616134,pyd
Allele_LoF_Phenotypes_from_FlyBase_2017,male fertile,1/117,0.2367694903716458,0.2438022475113976,0.5916975928054194,0.6279239760384043,-0.5160842063997045,0.743506117898691,pyd
Allele_LoF_Phenotypes_from_FlyBase_2017,lethal - all die before end of larval stage,2/258,0.1186984491978016,0.1399655457588009,0.5871018873940606,0.6262420132203312,-0.3487828638311313,0.7433152418955249,Bx;Fas2
Allele_LoF_Phenotypes_from_FlyBase_2017,conditional,1/85,0.1781010561395657,0.1929428108178629,0.4769777110190092,0.5511742438441884,-0.385689925672088,0.6654710017106785,Arr2
Allele_LoF_Phenotypes_from_FlyBase_2017,visible,3/469,0.0929321367311469,0.1200613940377551,0.7075420576558362,0.7214154313353623,-0.2783990865704847,0.6614444267069501,Bx;scrt;Fas2
Allele_LoF_Phenotypes_from_FlyBase_2017,wing disc,1/127,0.2542483021752159,0.2592335630021809,0.6223822047293227,0.6460293101015726,-0.4604100575229839,0.6305057548346988,Mmp2
Allele_LoF_Phenotypes_from_FlyBase_2017,macrochaeta,1/127,0.2542483021752159,0.2592335630021809,0.6223822047293227,0.6460293101015726,-0.4218913345752305,0.5777565238163701,pyd
Allele_LoF_Phenotypes_from_FlyBase_2017,embryo,1/134,0.2662498481126735,0.2688347980943499,0.6425554406070964,0.6583819292920002,-0.3870977406835136,0.512254233463692,pyd
Allele_LoF_Phenotypes_from_FlyBase_2017,wing vein,1/114,0.2314481428068261,0.2407060685190991,0.5820441048478626,0.6262420132203312,-0.3144095112247305,0.4601067013058791,Bx
Allele_LoF_Phenotypes_from_FlyBase_2017,partially,1/94,0.195033335730174,0.2048835042013948,0.5119851412792948,0.569480798856114,-0.2591321190953661,0.4235734185475386,Fas2
Allele_LoF_Phenotypes_from_FlyBase_2017,some die during pupal stage,1/169,0.3234799912043639,0.3234799912043639,0.7290925495889163,0.7348131856833165,-0.3077329478194666,0.347312949624434,Mmp2
Allele_LoF_Phenotypes_from_FlyBase_2017,lethal - all die before end of pupal stage,1/161,0.3107967879511537,0.3122982217093718,0.7112568251317444,0.7216654615970871,-0.2883293411999136,0.3369462800461662,Mmp2
Allele_LoF_Phenotypes_from_FlyBase_2017,maternal effect,2/239,0.1045956395998148,0.1279758413927147,0.5436332637688311,0.6014665897016855,-0.1161666793359482,0.2622641002709441,Fas3;pyd
Allele_LoF_Phenotypes_from_FlyBase_2017,pupal stage,1/111,0.2260905060914228,0.2363157048593766,0.5721761031181509,0.62310277198207,-0.0355445917008175,0.0528484059385309,Mmp2
Allele_LoF_Phenotypes_from_FlyBase_2017,male,1/133,0.2645469821076651,0.2684184013580211,0.6397370002012674,0.6583819292920002,-0.0302248408240565,0.040191071552098,Fas2
Allele_LoF_Phenotypes_from_FlyBase_2017,somatic clone,3/577,0.146644157387567,0.1645378814578744,0.8404575771652097,0.8404575771652097,0.1792778521044484,-0.3441679977087342,nkd;pyd;Fas2
